property_name,seller,facilities,advantages,column0,column1,column2,column3,column4,column5,floors,units,total project area,towers,open area,address
Sumadhuras Gardens By The Brook,Sumadhura Infracon Pvt. Ltd.Builder,19,6.565,2,Apartment,Super Built-up Area,1362.5,(119.38 - 133.78 sq.m.),0.9749,14,908,9.625,8,,"shamshabad,hyderabad"
Sumadhuras Gardens By The Brook,Sumadhura Infracon Pvt. Ltd.Builder,19,6.565,3,Apartment,Super Built-up Area,1652.5,(150.97 - 156.08 sq.m.),1.23,14,908,9.625,8,,"shamshabad,hyderabad"
The Olympus,Sumadhura Infracon Pvt. Ltd.Builder,27,7.209090909,3,Apartment,Super Built-up Area,2140,(186.74 - 210.89 sq.m.),2.4,,856,5.06,2,,"nanakramguda,hyderabad"
Technopolis Solitaire Unity,TECHNOPOLIS CONSTRUCTION COMPANY PVT LTDBuilder,21,6.225,2,Apartment,Super Built-up Area,1420,(113.81 - 150.04 sq.m.),1.18,16,352,2.24,1,,"kondapur,hyderabad"
Technopolis Solitaire Unity,TECHNOPOLIS CONSTRUCTION COMPANY PVT LTDBuilder,21,6.225,3,Apartment,Super Built-up Area,1850,(130.06 - 213.68 sq.m.),1.535,16,352,2.24,1,,"kondapur,hyderabad"
Primark Northwave,Primark DevelopersBuilder,9,11.36,2,Apartment,Super Built-up Area,1297.5,(120.31 - 120.77 sq.m.),0.6097,9,1026,13.5,14,,"bahadurpally,hyderabad"
Primark Northwave,Primark DevelopersBuilder,9,11.36,3,Apartment,Super Built-up Area,1637.5,(136.1 - 168.15 sq.m.),0.76945,9,1026,13.5,14,,"bahadurpally,hyderabad"
Iris by Raghava,MagicPropDealer,11,7.092307692,4,Apartment,Super Built-up Area,3822,(443.14 - 613.62 sq.m.),7.11,45,531,7.38,3,,"gachibowli,hyderabad"
Unnati Shree Rath Apartments,Unnati BuildtechBuilder,18,9.209090909,2,Apartment,Super Built-up Area,985,(87.79 - 95.23 sq.m.),0.7683,23,628,3,,72%,"nizampet,hyderabad"
Unnati Shree Rath Apartments,Unnati BuildtechBuilder,18,9.209090909,3,Apartment,Super Built-up Area,1685,(145.39 - 167.69 sq.m.),1.315,23,628,3,,72%,"nizampet,hyderabad"
ASBL Loft,MagicPropDealer,19,7.035714286,3,Apartment,Carpet Area,1782.5,(157.47 - 173.73 sq.m.),1.66,45,894,4.92,2,,"gachibowli,hyderabad"
Primark Inspira,MagicPropDealer,24,8.641666667,2,Apartment,Super Built-up Area,1227.5,(112.88 - 115.2 sq.m.),0.85915,17,884,6,4,,"miyapur,hyderabad"
Primark Inspira,MagicPropDealer,24,8.641666667,3,Apartment,Super Built-up Area,1890,(135.17 - 216.0 sq.m.),1.325,17,884,6,4,,"miyapur,hyderabad"
Aparna Newlands,APARNA CONSTRUCTIONS AND ESTATES PVT LTDBuilder,18,10.14166667,2,Apartment,Super Built-up Area,1475,(137.03 sq.m.),1.3,41,1976,14,8,,"tellapur,hyderabad"
Aparna Newlands,APARNA CONSTRUCTIONS AND ESTATES PVT LTDBuilder,18,10.14166667,3,Apartment,Super Built-up Area,1832,(157.01 - 183.39 sq.m.),1.615,41,1976,14,8,,"tellapur,hyderabad"
Rubrick Tulip,RUBRICK CONSTRUCTIONS PRIVATE LIMITEDBuilder,24,11.875,2,Apartment,Super Built-up Area,1330,(98.01 - 149.11 sq.m.),0.62495,15,810,6.496,6,,"tukkuguda,hyderabad"
Rubrick Tulip,RUBRICK CONSTRUCTIONS PRIVATE LIMITEDBuilder,24,11.875,3,Apartment,Super Built-up Area,1762.5,(144.93 - 182.55 sq.m.),0.8282,15,810,6.496,6,,"tukkuguda,hyderabad"
Visions Arsha,VISION INFRA DEVELOPERS(INDIA) PVT LTDBuilder,20,11.53,2,Apartment,Super Built-up Area,1390,(129.14 sq.m.),0.9868,28,1561,11,7,,"tellapur,hyderabad"
Visions Arsha,VISION INFRA DEVELOPERS(INDIA) PVT LTDBuilder,20,11.53,3,Apartment,Super Built-up Area,2162.5,(150.97 - 250.84 sq.m.),1.535,28,1561,11,7,,"tellapur,hyderabad"
The Regent by Auro Realty,AURO REALTY PRIVATE LIMITEDBuilder,20,6.430769231,3,Apartment,Super Built-up Area,1844,(139.08 - 203.55 sq.m.),1.905,39,,10.38,9,,"kondapur,hyderabad"
Aliens Space Station,Aliens Developers Pvt LtdBuilder,25,10.03076923,2,Apartment,Super Built-up Area,1254,(116.5 sq.m.),,30,2200,,83,80%,"tellapur,hyderabad"
Aliens Space Station,Aliens Developers Pvt LtdBuilder,25,10.03076923,3,Apartment,Super Built-up Area,1820,(133.04 - 205.13 sq.m.),1.555,30,2200,,83,80%,"tellapur,hyderabad"
Aliens Space Station,Aliens Developers Pvt LtdBuilder,25,10.03076923,4,Apartment,Super Built-up Area,3569,(331.57 sq.m.),,30,2200,,83,80%,"tellapur,hyderabad"
Aliens Space Station,Aliens Developers Pvt LtdBuilder,25,10.03076923,5,Apartment,Super Built-up Area,6309.5,(459.41 - 712.94 sq.m.),4.735,30,2200,,83,80%,"tellapur,hyderabad"
Candeur Lakescape,CANDEUR CONSTRUCTIONS PRIVATE LIMITEDBuilder,29,9.284615385,2,Apartment,Super Built-up Area,1470,(120.4 - 152.73 sq.m.),1.36,47,1990,9.2,7,,"kondapur,hyderabad"
Candeur Lakescape,CANDEUR CONSTRUCTIONS PRIVATE LIMITEDBuilder,29,9.284615385,3,Apartment,Super Built-up Area,2162.5,(177.35 - 224.45 sq.m.),2,47,1990,9.2,7,,"kondapur,hyderabad"
Candeur Lakescape,CANDEUR CONSTRUCTIONS PRIVATE LIMITEDBuilder,29,9.284615385,4,Apartment,Super Built-up Area,2416,(224.45 sq.m.),2.23,47,1990,9.2,7,,"kondapur,hyderabad"
Manepally Lakeview Grandeur,MANEPALLY REALTY & INFRA LLPBuilder,16,2.38,2,Apartment,Super Built-up Area,1315,(97.55 - 146.79 sq.m.),0.65735,5,420,3.93,1,,"turkayamjal,hyderabad"
Manepally Lakeview Grandeur,MANEPALLY REALTY & INFRA LLPBuilder,16,2.38,3,Apartment,Super Built-up Area,1920,(130.06 - 226.68 sq.m.),0.95995,5,420,3.93,1,,"turkayamjal,hyderabad"
Makuta My Space 2,Makuta DevelopersBuilder,24,11.65,2,Apartment,Super Built-up Area,1347.5,(99.41 - 150.97 sq.m.),0.87775,18,804,5.9,6,,"bachupally,hyderabad"
Makuta My Space 2,Makuta DevelopersBuilder,24,11.65,3,Apartment,Super Built-up Area,1955,(132.39 - 230.86 sq.m.),1.27315,18,804,5.9,6,,"bachupally,hyderabad"
Samshraya Homes,H&M Avenue Projects Pvt LtdBuilder,20,3,2,Apartment,Super Built-up Area,886,(106.84 - 132.28 sq.m.),0.87515,8,144,1.460380449,1,,"kukatpally,hyderabad"
Samshraya Homes,H&M Avenue Projects Pvt LtdBuilder,20,3,3,Apartment,Super Built-up Area,949.3333333,(132.21 - 132.29 sq.m.),0.96795,8,144,1.460380449,1,,"kukatpally,hyderabad"
AR Homes Rise,AR HOMESBuilder,21,,2,Apartment,Super Built-up Area,1300,(120.77 sq.m.),0.6499,15,750,6.7,5,65%,"kollur,hyderabad"
AR Homes Rise,AR HOMESBuilder,21,,3,Apartment,Super Built-up Area,1775,(128.67 - 201.14 sq.m.),0.8862,15,750,6.7,5,65%,"kollur,hyderabad"
AR Homes Rise,AR HOMESBuilder,21,,4,Apartment,Super Built-up Area,3125,(245.73 - 334.92 sq.m.),1.56,15,750,6.7,5,65%,"kollur,hyderabad"
GNRs Vasavi Nirvana,SHREE VASAVI DEVELOPERSBuilder,24,8.126923077,3,Apartment,Super Built-up Area,2117.5,(129.6 - 263.84 sq.m.),1.545,10,180,1.8,2,57%,"attapur,hyderabad"
Hallmark Sunnyside,Hallmark BuildersBuilder,28,10.34166667,2,Apartment,Super Built-up Area,1217.5,(106.37 - 119.84 sq.m.),0.9515,9,499,5.7,5,80%,"narsingi,hyderabad"
Hallmark Sunnyside,Hallmark BuildersBuilder,28,10.34166667,3,Apartment,Super Built-up Area,1878,(141.96 - 206.99 sq.m.),1.465,9,499,5.7,5,80%,"narsingi,hyderabad"
The Pearl By Auro Realty,AURO REALTY PRIVATE LIMITEDBuilder,25,6.14,4,Apartment,Super Built-up Area,5350,(492.39 - 501.68 sq.m.),6.685,33,414,8.54,7,,"Hi Tech city,hyderabad"
Madhu Park Ville,Madhu Infrastructure Private LimitedBuilder,24,,2,Apartment,Super Built-up Area,1509,(140.19 sq.m.),0.9507,15,350,3.1,2,,"tellapur,hyderabad"
Madhu Park Ville,Madhu Infrastructure Private LimitedBuilder,24,,3,Apartment,Super Built-up Area,2075.5,(182.28 - 203.36 sq.m.),1.31,15,350,3.1,2,,"tellapur,hyderabad"
Lumbini Elysee,LUMBINI CONSTRUCTIONS PRIVATE LIMITEDBuilder,11,7.792307692,3,Apartment,Super Built-up Area,2614.5,(195.19 - 290.6 sq.m.),2.6,15,156,2.27,10,,"Financial district,hyderabad"
Lumbini Elysee,LUMBINI CONSTRUCTIONS PRIVATE LIMITEDBuilder,11,7.792307692,4,Apartment,Super Built-up Area,4178.5,(384.9 - 391.49 sq.m.),4.155,15,156,2.27,10,,"Financial district,hyderabad"
Svadha Mackennas,Svadha ProjectsBuilder,18,12.3,2,Apartment,Super Built-up Area,1487.5,(125.42 - 150.97 sq.m.),0.84775,14,492,3.85,3,,"kollur,hyderabad"
Svadha Mackennas,Svadha ProjectsBuilder,18,12.3,3,Apartment,Super Built-up Area,1905,(118.92 - 235.04 sq.m.),1.08475,14,492,3.85,3,,"kollur,hyderabad"
Sujay Sierra,Sujay InfraBuilder,19,10.62,2,Apartment,Super Built-up Area,1297.5,(117.52 - 123.56 sq.m.),0.7135,10,225,2.34997712,3,,"bachupally,hyderabad"
Sujay Sierra,Sujay InfraBuilder,19,10.62,3,Apartment,Super Built-up Area,1700,(149.57 - 166.3 sq.m.),0.9348,10,225,2.34997712,3,,"bachupally,hyderabad"
33West,VERTEX VEGA DEVELOPERS LLPBuilder,22,6.366666667,2,Apartment,Super Built-up Area,1360,(126.35 sq.m.),1.09,33,524,3,2,70%,"nallagandla,hyderabad"
33West,VERTEX VEGA DEVELOPERS LLPBuilder,22,6.366666667,3,Apartment,Super Built-up Area,1885,(157.01 - 193.24 sq.m.),1.515,33,524,3,2,70%,"nallagandla,hyderabad"
Syamantaka Emerald Heights,PROCAPITUSBuilder,19,5.932222222,2,Apartment,Carpet Area,1145,(106.37 sq.m.),0.7443,5,346,3.3,,,"bachupally,hyderabad"
Syamantaka Emerald Heights,PROCAPITUSBuilder,19,5.932222222,3,Apartment,Carpet Area,1470,(135.64 - 137.5 sq.m.),0.9555,5,346,3.3,,,"bachupally,hyderabad"
Ramky Nextown,Ramky Estates & Farms LtdBuilder,18,8.604166667,2,Apartment,Super Built-up Area,1005,(92.9 - 93.83 sq.m.),,10,550,7.78,3,70%,"isnapur,hyderabad"
Anuhar Towers,Anuhar HomesBuilder,23,9.361538462,2,Apartment,Super Built-up Area,1423.5,(120.4 - 144.09 sq.m.),0.9986,16,578,4.12,4,,"manikonda,hyderabad"
Anuhar Towers,Anuhar HomesBuilder,23,9.361538462,3,Apartment,Super Built-up Area,1821.5,(155.71 - 182.74 sq.m.),1.275,16,578,4.12,4,,"manikonda,hyderabad"
Krishna Bai Residency,SHIVA KRISHNA CONSTRUCTIONSBuilder,14,9.404166667,2,Apartment,Super Built-up Area,1195,(109.63 - 112.41 sq.m.),0.65725,5,80,0.98,1,,"uppal,hyderabad"
Krishna Bai Residency,SHIVA KRISHNA CONSTRUCTIONSBuilder,14,9.404166667,3,Apartment,Super Built-up Area,1535,(141.68 - 143.54 sq.m.),0.8443,5,80,0.98,1,,"uppal,hyderabad"
Confident Ridge,CONFIDENT BUILDERSBuilder,12,0.88625,2,Apartment,Super Built-up Area,1330,(123.1 - 124.03 sq.m.),0.86455,10,154,1.294008,1,,"chandanagar,hyderabad"
Confident Ridge,CONFIDENT BUILDERSBuilder,12,0.88625,3,Apartment,Super Built-up Area,1610,(141.21 - 157.94 sq.m.),1.049,10,154,1.294008,1,,"chandanagar,hyderabad"
Aditya Athena,SRI ADITYA HOMES PRIVATE LIMITEDBuilder,23,7.833333333,3,Apartment,Super Built-up Area,2102.5,(164.44 - 226.22 sq.m.),2.14,15,522,6,6,,"shaikpet,hyderabad"
Trishala Trilok,TRISHALA INFRASTRUCTURE PRIVATE LIMITEDBuilder,22,7.43,3,Apartment,Super Built-up Area,2200,(204.39 sq.m.),1.54,25,539,10.689,5,76%,"Rajendra nagar,hyderabad"
Trishala Trilok,TRISHALA INFRASTRUCTURE PRIVATE LIMITEDBuilder,22,7.43,4,Apartment,Super Built-up Area,3650,(292.64 - 385.55 sq.m.),2.56,25,539,10.689,5,76%,"Rajendra nagar,hyderabad"
Cybercity Oriana,Cybercity Builders And Developers Pvt LtdBuilder,23,5.23,2,Apartment,Super Built-up Area,647,(116.17 sq.m.),1.06,27,825,6.74,3,,"Hi Tech city,hyderabad"
Cybercity Oriana,Cybercity Builders And Developers Pvt LtdBuilder,23,5.23,3,Apartment,Super Built-up Area,1930,(137.5 - 221.11 sq.m.),1.64,27,825,6.74,3,,"Hi Tech city,hyderabad"
SN Enclave,S N KOTA INFRABuilder,17,,2,Apartment,Super Built-up Area,1122,(104.24 sq.m.),0.5473,5,10,0.09,1,,"suchitra,hyderabad"
SN Enclave,S N KOTA INFRABuilder,17,,3,Apartment,Super Built-up Area,1409,(130.9 sq.m.),0.6873,5,10,0.09,1,,"suchitra,hyderabad"
Candeur Twins,CANDEUR DEVELOPERS & BUILDERSBuilder,18,6.175,3,Apartment,Super Built-up Area,917.5,(147.73 - 191.38 sq.m.),1.39,46,742,3.62,2,40%,"miyapur,hyderabad"
Indis Viva City,MagicPropDealer,18,5.515384615,2,Apartment,Super Built-up Area,1412,(127.0 - 135.36 sq.m.),1.215,22,1000,7.93,4,,"kondapur,hyderabad"
Indis Viva City,MagicPropDealer,18,5.515384615,3,Apartment,Super Built-up Area,2259,(178.47 - 241.27 sq.m.),1.94,22,1000,7.93,4,,"kondapur,hyderabad"
The Vue Residences,RAGHURAM PRADEEP CONSTRUCTIONS (INDIA) LLPBuilder,18,8.484615385,3,Apartment,Super Built-up Area,1995,(139.35 - 231.33 sq.m.),1.745,36,1084,9.817086611,7,,"puppalaguda,hyderabad"
The Vue Residences,RAGHURAM PRADEEP CONSTRUCTIONS (INDIA) LLPBuilder,18,8.484615385,4,Apartment,Super Built-up Area,3742.5,(326.09 - 369.29 sq.m.),3.65,36,1084,9.817086611,7,,"puppalaguda,hyderabad"
KSR Greens,KSR HOMESBuilder,16,8.1,3,Apartment,Super Built-up Area,1750,(148.64 - 176.52 sq.m.),1.42,30,476,3.15,2,79%,"miyapur,hyderabad"
Vazhraa Prathik,VAZHRAA NIRMAAN PRIVATE LIMITEDBuilder,19,12.525,2,Apartment,Super Built-up Area,1307.5,(116.59 - 126.35 sq.m.),0.9545,14,399,7.42,3,,"nizampet,hyderabad"
Vazhraa Prathik,VAZHRAA NIRMAAN PRIVATE LIMITEDBuilder,19,12.525,3,Apartment,Super Built-up Area,1790,(158.86 - 173.73 sq.m.),1.31,14,399,7.42,3,,"nizampet,hyderabad"
Aspire Spaces Ameya,ASPIRE SPACES PRIVATE LIMITEDBuilder,20,8.183333333,2,Apartment,Super Built-up Area,1270,(112.41 - 123.56 sq.m.),0.8,13,1066,10.0042294,9,,"miyapur,hyderabad"
Aspire Spaces Ameya,ASPIRE SPACES PRIVATE LIMITEDBuilder,20,8.183333333,3,Apartment,Super Built-up Area,1717.5,(138.89 - 180.23 sq.m.),1.08085,13,1066,10.0042294,9,,"miyapur,hyderabad"
Akruthi Stavya,Akruthi constructions & DevelopersBuilder,18,10.07777778,2,Apartment,Super Built-up Area,1207.5,(109.63 - 114.74 sq.m.),0.65205,5,47,1.007337443,1,,"bachupally,hyderabad"
Akruthi Stavya,Akruthi constructions & DevelopersBuilder,18,10.07777778,3,Apartment,Super Built-up Area,1490,(138.43 sq.m.),0.8046,5,47,1.007337443,1,,"bachupally,hyderabad"
Shree Krishna Homes,SHREE KRISHNA HOMESBuilder,18,15.05,2,Apartment,Super Built-up Area,1170,(102.19 - 115.2 sq.m.),0.5499,5,352,3.99,4,,"kompally,hyderabad"
Shree Krishna Homes,SHREE KRISHNA HOMESBuilder,18,15.05,3,Apartment,Super Built-up Area,1495,(122.63 - 155.15 sq.m.),0.70265,5,352,3.99,4,,"kompally,hyderabad"
IRA Aspiration,IRA RealtyBuilder,23,4.15,2,Apartment,Super Built-up Area,1295,(120.31 sq.m.),0.7769,9,748,8,5,60%,"kollur,hyderabad"
IRA Aspiration,IRA RealtyBuilder,23,4.15,3,Apartment,Super Built-up Area,1845,(138.89 - 203.92 sq.m.),1.10845,9,748,8,5,60%,"kollur,hyderabad"
Ira Miracle,IRA RealtyBuilder,22,3.476923077,3,Apartment,Super Built-up Area,2055,(153.75 - 228.08 sq.m.),1.2314,14,274,3,1,20%,"kollur,hyderabad"
KSR Signature 4,K S R HOMES INDIA PRIVATE LIMITEDBuilder,23,10.33846154,2,Apartment,Super Built-up Area,1172.5,(104.24 - 113.62 sq.m.),0.76215,5,294,3.5,5,,"tellapur,hyderabad"
KSR Signature 4,K S R HOMES INDIA PRIVATE LIMITEDBuilder,23,10.33846154,3,Apartment,Super Built-up Area,1855,(140.0 - 204.67 sq.m.),1.2048,5,294,3.5,5,,"tellapur,hyderabad"
Akruthi Sri Vatsa,Akruthi constructions & DevelopersBuilder,21,15.60833333,2,Apartment,Super Built-up Area,1200,(102.19 - 120.77 sq.m.),0.66,5,131,1.597971197,1,,"mallampet,hyderabad"
Akruthi Sri Vatsa,Akruthi constructions & DevelopersBuilder,21,15.60833333,3,Apartment,Super Built-up Area,1627.5,(148.18 - 154.22 sq.m.),0.89515,5,131,1.597971197,1,,"mallampet,hyderabad"
Incor Lake City,Incor Lake City Projects Private Limited Builder,21,1.276666667,1,Apartment,Super Built-up Area,794,(73.77 sq.m.),0.524,40,4000,32,5,,"patancheru,hyderabad"
Incor Lake City,Incor Lake City Projects Private Limited Builder,21,1.276666667,2,Apartment,Super Built-up Area,1251.5,(98.66 - 133.87 sq.m.),0.82585,40,4000,32,5,,"patancheru,hyderabad"
Incor Lake City,Incor Lake City Projects Private Limited Builder,21,1.276666667,3,Apartment,Super Built-up Area,1598.5,(127.18 - 169.83 sq.m.),1.0567,40,4000,32,5,,"patancheru,hyderabad"
RSR The Garden View,RSR greenway InfraBuilder,25,15.86923077,2,Apartment,Carpet Area,1345.5,(122.91 - 127.09 sq.m.),0.47095,18,288,3,1,70%,"kollur,hyderabad"
RSR The Garden View,RSR greenway InfraBuilder,25,15.86923077,3,Apartment,Carpet Area,1843.5,(152.92 - 189.62 sq.m.),0.64525,18,288,3,1,70%,"kollur,hyderabad"
RSR The Garden View,RSR greenway InfraBuilder,25,15.86923077,4,Apartment,Carpet Area,2225,(206.71 sq.m.),0.7788,18,288,3,1,70%,"kollur,hyderabad"
Risinia The Twinz,Risinia BuildersBuilder,27,13.13,2,Apartment,Super Built-up Area,1360,(120.31 - 132.39 sq.m.),0.748,15,555,3,2,,"bachupally,hyderabad"
Risinia The Twinz,Risinia BuildersBuilder,27,13.13,3,Apartment,Super Built-up Area,1857.5,(158.4 - 186.74 sq.m.),1.0239,15,555,3,2,,"bachupally,hyderabad"
The Edge by Risinia,Risinia BuildersBuilder,18,10.96666667,2,Apartment,Super Built-up Area,1321,(121.89 - 123.56 sq.m.),0.73965,,272,,,,"Pragathi nagar,hyderabad"
The Edge by Risinia,Risinia BuildersBuilder,18,10.96666667,3,Apartment,Super Built-up Area,1661,(126.53 - 182.09 sq.m.),0.9313,,272,,,,"Pragathi nagar,hyderabad"
Devi Homes Samruddhi,JAISRIDEVI HOMES PRIVATE LIMITEDBuilder,18,,2,Apartment,Super Built-up Area,1170,(102.19 - 115.2 sq.m.),,5,425,5.05,8,,"patancheru,hyderabad"
Devi Homes Samruddhi,JAISRIDEVI HOMES PRIVATE LIMITEDBuilder,18,,3,Apartment,Super Built-up Area,1565,(140.28 - 150.5 sq.m.),0.755,5,425,5.05,8,,"patancheru,hyderabad"
Sharvani Sree Hemadurga Paradise,SHARVANI Ventures and Avenues Pvt. LtdBuilder,18,10,2,Apartment,Super Built-up Area,1207,(96.34 - 127.93 sq.m.),0.82665,12,1154,8,6,,"chandanagar,hyderabad"
Sharvani Sree Hemadurga Paradise,SHARVANI Ventures and Avenues Pvt. LtdBuilder,18,10,3,Apartment,Super Built-up Area,1824.5,(153.29 - 185.71 sq.m.),1.25,12,1154,8,6,,"chandanagar,hyderabad"
The Prestige City Hyderabad,Tanvi RealtyDealer,27,,2,Apartment,Super Built-up Area,1363.5,(109.53 - 143.81 sq.m.),0.92585,42,4702,55.15,13,,"Rajendra nagar,hyderabad"
The Prestige City Hyderabad,Tanvi RealtyDealer,27,,3,Apartment,Super Built-up Area,2032,(151.52 - 226.03 sq.m.),1.385,42,4702,55.15,13,,"Rajendra nagar,hyderabad"
The Prestige City Hyderabad,Tanvi RealtyDealer,27,,4,Apartment,Super Built-up Area,3389.5,(311.04 - 318.75 sq.m.),2.31,42,4702,55.15,13,,"Rajendra nagar,hyderabad"
Hallmark Skyrena,Hallmark BuildersBuilder,27,9.969230769,2,Apartment,Super Built-up Area,1325,(123.1 sq.m.),1.1,13,,,5,,"narsingi,hyderabad"
Hallmark Skyrena,Hallmark BuildersBuilder,27,9.969230769,3,Apartment,Super Built-up Area,1945,(151.9 - 209.5 sq.m.),1.615,13,,,5,,"narsingi,hyderabad"
Vasavi Bhuvi,VASAVI INFRACON LLPBuilder,24,6.181818182,2,Apartment,Super Built-up Area,1417.5,(123.56 - 139.82 sq.m.),0.76545,17,1208,10.65,8,65%,"kompally,hyderabad"
Vasavi Bhuvi,VASAVI INFRACON LLPBuilder,24,6.181818182,3,Apartment,Super Built-up Area,1992.5,(148.64 - 221.57 sq.m.),1.077,17,1208,10.65,8,65%,"kompally,hyderabad"
Aparna Cyber Shine,APARNA CONSTRUCTIONS AND ESTATES PVT LTDBuilder,20,13.00833333,2,Apartment,Super Built-up Area,1291,(116.31 - 123.56 sq.m.),0.86485,17,330,,2,,"Osman nagar,hyderabad"
Aparna Cyber Shine,APARNA CONSTRUCTIONS AND ESTATES PVT LTDBuilder,20,13.00833333,3,Apartment,Super Built-up Area,1678.5,(142.42 - 169.46 sq.m.),1.125,17,330,,2,,"Osman nagar,hyderabad"
Ramky One Orion,Ramky Estates & Farms LtdBuilder,18,9.8,3,Apartment,Super Built-up Area,1545,(117.52 - 169.55 sq.m.),1.2,16,1144,10.07,6,,"pocharam,hyderabad"
Kalyans Skyway 9,KALYAN INFRA PROJECTSBuilder,24,7.861538462,2,Apartment,Super Built-up Area,1365,(122.17 - 131.46 sq.m.),0.9282,10,111,1.09,1,,"narsingi,hyderabad"
Kalyans Skyway 9,KALYAN INFRA PROJECTSBuilder,24,7.861538462,3,Apartment,Super Built-up Area,1875,(149.57 - 198.81 sq.m.),1.275,10,111,1.09,1,,"narsingi,hyderabad"
Essen Marvella,ESSEN INFRABuilder,24,0.916666667,2,Apartment,Super Built-up Area,1212.5,(102.66 - 122.63 sq.m.),0.70325,5,115,1.65,2,,"kompally,hyderabad"
Essen Marvella,ESSEN INFRABuilder,24,0.916666667,3,Apartment,Super Built-up Area,1527.5,(137.5 - 146.32 sq.m.),0.88595,5,115,1.65,2,,"kompally,hyderabad"
Anuhar Gautami Heights,Anuhar HomesBuilder,23,7.973076923,2,Apartment,Super Built-up Area,1410,(110.55 - 151.43 sq.m.),0.91675,10,244,2,1,59%,"miyapur,hyderabad"
Anuhar Gautami Heights,Anuhar HomesBuilder,23,7.973076923,3,Apartment,Super Built-up Area,1811,(153.66 - 182.83 sq.m.),1.18,10,244,2,1,59%,"miyapur,hyderabad"
Abinandana Skylark 1,Abinandana Infra Reality LLPBuilder,9,1.946666667,3,Apartment,Super Built-up Area,1952.5,(131.92 - 230.86 sq.m.),1.01415,10,238,2.05,3,55%,"kollur,hyderabad"
Lalitha Divine County,Lalitha Constructions and DevelopersBuilder,25,,2,Apartment,Super Built-up Area,1152.5,(102.66 - 111.48 sq.m.),0.6078,5,220,2.18,4,,"chandanagar,hyderabad"
Lalitha Divine County,Lalitha Constructions and DevelopersBuilder,25,,3,Apartment,Super Built-up Area,1492.5,(134.71 - 142.61 sq.m.),0.8209,5,220,2.18,4,,"chandanagar,hyderabad"
Subishi Fortuna Towers,Ceyone Marketing Private LimitedDealer,26,,3,Apartment,Super Built-up Area,2514,(222.5 - 244.61 sq.m.),1.455,15,224,2.43,1,,"mokila,hyderabad"
Subishi Fortuna Towers,Ceyone Marketing Private LimitedDealer,26,,4,Apartment,Super Built-up Area,2752.5,(252.23 - 259.2 sq.m.),1.64,15,224,2.43,1,,"mokila,hyderabad"
BSCPL Bollineni Bion,BSCPL Infrastructure LtdBuilder,18,3.65,3,Apartment,Super Built-up Area,2065,(170.94 - 212.75 sq.m.),2.58,25,890,8.65,3,75%,"kondapur,hyderabad"
BSCPL Bollineni Bion,BSCPL Infrastructure LtdBuilder,18,3.65,4,Apartment,Super Built-up Area,3350,(311.23 sq.m.),4.19,25,890,8.65,3,75%,"kondapur,hyderabad"
SMR Vinay Heights,SMR BUILDERS PRIVATE LIMITEDBuilder,19,0.876666667,2,Apartment,Super Built-up Area,1290,(110.55 - 129.14 sq.m.),0.8127,10,70,0.585577978,1,,"Bandlaguda jagir,hyderabad"
SMR Vinay Heights,SMR BUILDERS PRIVATE LIMITEDBuilder,19,0.876666667,3,Apartment,Super Built-up Area,1193.666667,(147.72 - 178.9 sq.m.),1.21,10,70,0.585577978,1,,"Bandlaguda jagir,hyderabad"
Mahaveer Crystal Garden,MAHAVEER ESTATE PROJECTSBuilder,23,8.223076923,3,Apartment,Super Built-up Area,2160,(152.36 - 248.98 sq.m.),1.835,35,790,5.047419001,3,,"attapur,hyderabad"
Mahaveer Crystal Garden,MAHAVEER ESTATE PROJECTSBuilder,23,8.223076923,4,Apartment,Super Built-up Area,3298.666667,(422.71 - 496.57 sq.m.),4.205,35,790,5.047419001,3,,"attapur,hyderabad"
Vasavi Anandanilayam,VASAVI INFRACON LLPBuilder,22,8.27,2,Apartment,Super Built-up Area,1336,(123.56 - 124.68 sq.m.),0.98865,33,3576,29.36,11,72%,"Saroor nagar,hyderabad"
Vasavi Anandanilayam,VASAVI INFRACON LLPBuilder,22,8.27,3,Apartment,Super Built-up Area,2103.5,(153.48 - 237.37 sq.m.),1.555,33,3576,29.36,11,72%,"Saroor nagar,hyderabad"
Vasavi Anandanilayam,VASAVI INFRACON LLPBuilder,22,8.27,4,Apartment,Super Built-up Area,4079,(378.95 sq.m.),3.02,33,3576,29.36,11,72%,"Saroor nagar,hyderabad"
Prestige Clairemont,MagicPropDealer,20,10.93636364,3,Apartment,Carpet Area,1280.5,(184.69 - 273.5 sq.m.),2.495,39,928,7.56,4,,"kokapet,hyderabad"
Prestige Clairemont,MagicPropDealer,20,10.93636364,4,Apartment,Carpet Area,1937.5,(325.16 - 377.18 sq.m.),3.825,39,928,7.56,4,,"kokapet,hyderabad"
Sukhii Ubuntu,SUKHII GROUPBuilder,22,10.32307692,3,Apartment,Super Built-up Area,1702.5,(139.35 - 176.98 sq.m.),1.5,36,865,5.25,3,,"puppalaguda,hyderabad"
Sukhii Ubuntu,SUKHII GROUPBuilder,22,10.32307692,4,Apartment,Super Built-up Area,2230,(207.17 sq.m.),1.96,36,865,5.25,3,,"puppalaguda,hyderabad"
The Bodhivriksha,Shanta Sriram Constructions Pvt. Ltd.Builder,22,6.975,2,Apartment,Super Built-up Area,1159.5,(101.26 - 114.18 sq.m.),0.83485,8,772,11.6,3,,"Appa junction,hyderabad"
The Bodhivriksha,Shanta Sriram Constructions Pvt. Ltd.Builder,22,6.975,3,Apartment,Super Built-up Area,1554.5,(120.22 - 168.62 sq.m.),1.12085,8,772,11.6,3,,"Appa junction,hyderabad"
Hallmark Treasor,Hallmark BuildersBuilder,20,10.85384615,3,Apartment,Super Built-up Area,3422.5,(163.97 - 471.95 sq.m.),3.08,30,526,4.62,1,70%,"kokapet,hyderabad"
Hallmark Treasor,Hallmark BuildersBuilder,20,10.85384615,4,Apartment,Super Built-up Area,3805,(327.95 - 379.04 sq.m.),3.425,30,526,4.62,1,70%,"kokapet,hyderabad"
Venkatadri Vajra S Abode,VENKATADRI DEVELOPERS PRIVATE LIMITEDBuilder,11,6.861538462,2,Apartment,Super Built-up Area,1245.5,(110.65 - 120.77 sq.m.),,10,406,4.44,4,,"kukatpally,hyderabad"
Venkatadri Vajra S Abode,VENKATADRI DEVELOPERS PRIVATE LIMITEDBuilder,11,6.861538462,3,Apartment,Super Built-up Area,1588,(134.34 - 160.72 sq.m.),,10,406,4.44,4,,"kukatpally,hyderabad"
Nirvana Elite 5,Nirvana Infrabuild Pvt LtdBuilder,33,,4,Apartment,Super Built-up Area,3600,(334.45 sq.m.),3.96,,5,0.09,,,"madhapur,hyderabad"
Nirvana Belleza,Nirvana Infrabuild Pvt LtdBuilder,26,,3,Apartment,Super Built-up Area,1890,(175.59 sq.m.),1.46,,8,0.11,,,"kondapur,hyderabad"
Hirize Elysia,Hirize DevelopersBuilder,18,10.08461538,3,Apartment,Super Built-up Area,2507.5,(151.9 - 314.01 sq.m.),1.88,9,371,3.8,3,,"kokapet,hyderabad"
Poulomi Avante,JONES LANG LASALLE PROPERTY CONSULTANTS (INDIA) PVRERA Registered Dealer,18,8.234615385,2,Apartment,Super Built-up Area,1330,(123.56 sq.m.),1.16,22,464,4.75,3,,"kokapet,hyderabad"
Poulomi Avante,JONES LANG LASALLE PROPERTY CONSULTANTS (INDIA) PVRERA Registered Dealer,18,8.234615385,3,Apartment,Super Built-up Area,1985,(170.94 - 197.88 sq.m.),1.9,22,464,4.75,3,,"kokapet,hyderabad"
Ambience Courtyard,HOUSZ BUILDTECH LLPBuilder,25,8.536363636,2,Apartment,Super Built-up Area,1160,(91.04 - 124.49 sq.m.),0.9265,10,855,8.01,9,67%,"shaikpet,hyderabad"
Ambience Courtyard,HOUSZ BUILDTECH LLPBuilder,25,8.536363636,3,Apartment,Super Built-up Area,1890,(127.28 - 223.9 sq.m.),1.51,10,855,8.01,9,67%,"shaikpet,hyderabad"
Beams And Columns 4 Blocks,Beams and Columns Builders Pvt. Ltd.Builder,26,7.566666667,2,Apartment,Super Built-up Area,1207.5,(98.01 - 126.35 sq.m.),0.7244,10,360,3.21727253,4,,"suchitra,hyderabad"
Beams And Columns 4 Blocks,Beams and Columns Builders Pvt. Ltd.Builder,26,7.566666667,3,Apartment,Super Built-up Area,1720,(146.32 - 173.26 sq.m.),1.0324,10,360,3.21727253,4,,"suchitra,hyderabad"
Super Homes Abhirama,SUPER HOMES CONSTRUCTIONSBuilder,25,5.914285714,2,Apartment,Super Built-up Area,1439,(133.69 sq.m.),0.9354,13,175,8.7,1,,"LB nagar,hyderabad"
Super Homes Abhirama,SUPER HOMES CONSTRUCTIONSBuilder,25,5.914285714,3,Apartment,Super Built-up Area,2070,(153.2 - 231.42 sq.m.),1.345,13,175,8.7,1,,"LB nagar,hyderabad"
ASBL Springs,ASHOKA BUILDERS INDIA PRIVATE LIMITEDBuilder,21,1.655,2,Apartment,Carpet Area,1210,(112.41 sq.m.),0.6654,14,478,4.11,2,,"pocharam,hyderabad"
ASBL Springs,ASHOKA BUILDERS INDIA PRIVATE LIMITEDBuilder,21,1.655,3,Apartment,Carpet Area,1475,(137.03 sq.m.),0.8111,14,478,4.11,2,,"pocharam,hyderabad"
Silpas Kalpavriksha,Shanta Sriram Constructions Pvt. Ltd.Builder,19,10.5625,2,Apartment,Super Built-up Area,946.5,(68.84 - 107.02 sq.m.),0.49215,8,1408,20.07,10,64%,"bahadurpally,hyderabad"
Silpas Kalpavriksha,Shanta Sriram Constructions Pvt. Ltd.Builder,19,10.5625,3,Apartment,Super Built-up Area,1155.5,(102.01 - 112.69 sq.m.),0.6009,8,1408,20.07,10,64%,"bahadurpally,hyderabad"
Green Space Marvel,Greenspace Housing And Engineers PvtltdBuilder,19,9.333333333,3,Apartment,Super Built-up Area,2292.5,(175.59 - 250.37 sq.m.),1.72,44,804,4.44,2,,"manikonda,hyderabad"
Green Space Marvel,Greenspace Housing And Engineers PvtltdBuilder,19,9.333333333,4,Apartment,Super Built-up Area,4585,(351.17 - 500.75 sq.m.),3.435,44,804,4.44,2,,"manikonda,hyderabad"
Srias Tiara,Srias Life Spaces LLPBuilder,11,13.225,2,Apartment,Super Built-up Area,1292.5,(119.84 - 120.31 sq.m.),0.7497,18,1300,9.59,4,,"bachupally,hyderabad"
Srias Tiara,Srias Life Spaces LLPBuilder,11,13.225,3,Apartment,Super Built-up Area,1852.5,(155.15 - 189.06 sq.m.),1.08015,18,1300,9.59,4,,"bachupally,hyderabad"
Vertex Viraat,Vertex Homes Pvt LtdBuilder,18,5.375,2,Apartment,Super Built-up Area,1340,(124.49 sq.m.),0.9714,30,1428,8.7,6,,"miyapur,hyderabad"
Vertex Viraat,Vertex Homes Pvt LtdBuilder,18,5.375,3,Apartment,Super Built-up Area,1790,(144.0 - 188.59 sq.m.),1.295,30,1428,8.7,6,,"miyapur,hyderabad"
P Chenna Ramulus Mahaan,SPJV Mahalaxmi infra private limitedBuilder,22,5.636363636,2,Apartment,Super Built-up Area,1062.5,(97.55 - 99.87 sq.m.),,5,180,1.85,2,,"shad nagar,hyderabad"
P Chenna Ramulus Mahaan,SPJV Mahalaxmi infra private limitedBuilder,22,5.636363636,3,Apartment,Super Built-up Area,1310,(121.7 sq.m.),0.524,5,180,1.85,2,,"shad nagar,hyderabad"
Avantikas Arudra,Avantika DevelopersBuilder,12,7.021428571,2,Apartment,Super Built-up Area,1270,(117.99 sq.m.),0.7366,5,20,0.22,1,,"Bandlaguda jagir,hyderabad"
Avantikas Arudra,Avantika DevelopersBuilder,12,7.021428571,3,Apartment,Super Built-up Area,1545,(143.54 sq.m.),0.8961,5,20,0.22,1,,"Bandlaguda jagir,hyderabad"
Reliance Sunshine,Reliance BuildersBuilder,16,5.377777778,2,Apartment,Super Built-up Area,932.5,(85.94 - 87.33 sq.m.),0.39305,5,340,3.3,5,,"isnapur,hyderabad"
Pacifica Hillcrest,Pacifica CompaniesBuilder,23,9.823076923,2,Apartment,Carpet Area,863.5,(73.11 - 87.33 sq.m.),1.18,22,2528,12.25,10,,"gachibowli,hyderabad"
Pacifica Hillcrest,Pacifica CompaniesBuilder,23,9.823076923,3,Apartment,Carpet Area,1325.5,(111.39 - 134.9 sq.m.),1.625,22,2528,12.25,10,,"gachibowli,hyderabad"
Pacifica Hillcrest,Pacifica CompaniesBuilder,23,9.823076923,4,Apartment,Carpet Area,1684.5,(155.15 - 157.84 sq.m.),1.86,22,2528,12.25,10,,"gachibowli,hyderabad"
Gokul Bhuvanam,Gokul ConstructionsBuilder,19,11.04545455,2,Apartment,Super Built-up Area,1397.5,(126.35 - 133.32 sq.m.),1.0214,15,514,3.75,,,"nizampet,hyderabad"
Gokul Bhuvanam,Gokul ConstructionsBuilder,19,11.04545455,3,Apartment,Super Built-up Area,1802.5,(126.81 - 208.1 sq.m.),1.64,15,514,3.75,,,"nizampet,hyderabad"
Suchirindia The Tales of Greek,Suchirindia Infratech Private LimitedDealer,19,8.663636364,2,Apartment,Super Built-up Area,872.5,(74.32 - 87.79 sq.m.),0.50605,10,329,3.3,1,,"shamshabad,hyderabad"
EIPL The Tamarind,EIPL CONSTRUCTIONSBuilder,18,,3,Apartment,Super Built-up Area,2015,(150.5 - 223.9 sq.m.),1.39,14,359,3.5,3,,"manikonda,hyderabad"
Makuta Nirvana,Makuta Developers LLPBuilder,25,10.53,2,Apartment,Super Built-up Area,1270,(117.99 sq.m.),0.5715,14,948,6.977245312,8,,"patancheru,hyderabad"
Makuta Nirvana,Makuta Developers LLPBuilder,25,10.53,3,Apartment,Super Built-up Area,1833,(144.19 - 196.4 sq.m.),0.82485,14,948,6.977245312,8,,"patancheru,hyderabad"
Makuta Horizon,Makuta Developers LLPBuilder,20,11.6,3,Apartment,Super Built-up Area,1478,(266.16 sq.m.),2.09,16,64,6.56,1,75%,"kompally,hyderabad"
Makuta Horizon,Makuta Developers LLPBuilder,20,11.6,4,Apartment,Super Built-up Area,2502.666667,(315.87 - 372.54 sq.m.),2.705,16,64,6.56,1,75%,"kompally,hyderabad"
Vasavi Sarovar,VASAVI INFRACON LLPBuilder,25,8.736363636,2,Apartment,Super Built-up Area,1370,(120.77 - 133.78 sq.m.),1.0275,29,2530,20.199664,11,72%,"kukatpally,hyderabad"
Vasavi Sarovar,VASAVI INFRACON LLPBuilder,25,8.736363636,3,Apartment,Super Built-up Area,1900,(132.39 - 220.64 sq.m.),1.425,29,2530,20.199664,11,72%,"kukatpally,hyderabad"
Vasavi Sarovar,VASAVI INFRACON LLPBuilder,25,8.736363636,4,Apartment,Super Built-up Area,2900,(267.56 - 271.28 sq.m.),2.175,29,2530,20.199664,11,72%,"kukatpally,hyderabad"
Lansum El Dorado,LANSUM PROPERTIES LLPBuilder,19,9.838461538,3,Apartment,Carpet Area,993.5,(143.07 - 208.1 sq.m.),1.51,40,880,4.25,2,,"narsingi,hyderabad"
Honer Signatis,Honer Developers Pvt. Ltd.Builder,18,8.375,3,Apartment,Super Built-up Area,2285,(157.47 - 267.1 sq.m.),1.85,29,3266,27.81,20,,"kukatpally,hyderabad"
Honer Signatis,Honer Developers Pvt. Ltd.Builder,18,8.375,4,Apartment,Super Built-up Area,3815,(354.43 sq.m.),3.19,29,3266,27.81,20,,"kukatpally,hyderabad"
Gem Nakshathra,GEM VIVENDASBuilder,19,8.802307692,2,Apartment,Super Built-up Area,1292.5,(119.84 - 120.31 sq.m.),1.02,18,576,4.76,3,,"kokapet,hyderabad"
Gem Nakshathra,GEM VIVENDASBuilder,19,8.802307692,3,Apartment,Super Built-up Area,1652.5,(137.96 - 169.08 sq.m.),1.305,18,576,4.76,3,,"kokapet,hyderabad"
Riddhi Pramukh Elegance,RIDDHI HABITATS LLPBuilder,20,,2,Apartment,Built-up Area,1165,(102.19 - 114.27 sq.m.),,9,144,2.65,3,55%,"suchitra,hyderabad"
Riddhi Pramukh Elegance,RIDDHI HABITATS LLPBuilder,20,,3,Apartment,Built-up Area,2210,(170.01 - 240.62 sq.m.),1.315,9,144,2.65,3,55%,"suchitra,hyderabad"
Riddhi Pramukh Elegance,RIDDHI HABITATS LLPBuilder,20,,4,Apartment,Built-up Area,3030,(270.35 - 292.64 sq.m.),1.8,9,144,2.65,3,55%,"suchitra,hyderabad"
Sri Aditya Le Grandiose,MagicPropDealer,19,7.861538462,3,Apartment,Super Built-up Area,3561,(260.5 - 401.16 sq.m.),4.81,20,80,1.5,1,,"Jubilee hills,hyderabad"
Prestige Vaishnaoi Rainbow Waters,MagicPropDealer,26,6.1,4,Apartment,Super Built-up Area,6356,(460.33 - 720.65 sq.m.),6.99,36,150,2.42,1,,"raidurgam,hyderabad"
Prestige Vaishnaoi Rainbow Waters,MagicPropDealer,26,6.1,5,Apartment,Super Built-up Area,8001,(743.32 sq.m.),8.8,36,150,2.42,1,,"raidurgam,hyderabad"
Pranathis Kiara,JONES LANG LASALLE PROPERTY CONSULTANTS (INDIA) PVRERA Registered Dealer,21,13.825,2,Apartment,Super Built-up Area,1355,(120.77 - 130.99 sq.m.),0.79935,15,360,3.3,3,70%,"tellapur,hyderabad"
Pranathis Kiara,JONES LANG LASALLE PROPERTY CONSULTANTS (INDIA) PVRERA Registered Dealer,21,13.825,3,Apartment,Super Built-up Area,1765,(138.89 - 189.06 sq.m.),1.0934,15,360,3.3,3,70%,"tellapur,hyderabad"
Vajra The Royal Park,VAJRA BUILDERS AND DEVELOPERSBuilder,21,6.545,2,Apartment,Super Built-up Area,1183,(101.36 - 118.45 sq.m.),0.5914,,760,,6,,"bowrampet,hyderabad"
Vajra The Royal Park,VAJRA BUILDERS AND DEVELOPERSBuilder,21,6.545,3,Apartment,Super Built-up Area,1524,(127.56 - 155.61 sq.m.),0.76185,,760,,6,,"bowrampet,hyderabad"
IRA M3,IRA RealtyBuilder,21,13.64,2,Apartment,Super Built-up Area,1105,(102.66 sq.m.),0.5524,14,695,5.63,4,,"kollur,hyderabad"
A2A Homeland,Global Homes and Heights LLPBuilder,19,10.26923077,3,Apartment,Super Built-up Area,1980,(157.94 - 209.96 sq.m.),1.575,18,1149,12,7,,"balanagar,hyderabad"
Vertex Pristine,Vertex Homes Pvt LtdBuilder,18,2.960714286,2,Apartment,Super Built-up Area,1277.5,(117.99 - 119.38 sq.m.),0.89415,9,309,3.9,5,,"Hyder nagar,hyderabad"
Vertex Pristine,Vertex Homes Pvt LtdBuilder,18,2.960714286,3,Apartment,Super Built-up Area,1765,(139.35 - 188.59 sq.m.),1.235,9,309,3.9,5,,"Hyder nagar,hyderabad"
Aakriti Cyan,Aakriti Constructions & Developers Pvt LtdBuilder,23,11.93846154,2,Apartment,Super Built-up Area,1288,(107.67 - 131.64 sq.m.),0.81135,7,429,4,3,67%,"tellapur,hyderabad"
Aakriti Cyan,Aakriti Constructions & Developers Pvt LtdBuilder,23,11.93846154,3,Apartment,Super Built-up Area,1614.5,(144.28 - 155.71 sq.m.),1.0191,7,429,4,3,67%,"tellapur,hyderabad"
Sumadhura Horizon,Sumadhura Infracon Pvt. Ltd.Builder,18,8.691666667,3,Apartment,Super Built-up Area,2215,(159.79 - 251.77 sq.m.),2.77,18,486,5.04,4,72%,"kondapur,hyderabad"
Shangrila Abbham,SHANGRILA INFRACON INDIA PRIVATE LIMITEDBuilder,22,10.83076923,4,Apartment,Carpet Area,6000,(464.52 - 650.32 sq.m.),4.2,37,366,6.4,5,,"kismathpur,hyderabad"
Forest Edge By Canny,KEYSTONE REALTY SERVICES (I) PRIVATE LIMITEDDealer,20,10.62307692,2,Apartment,Super Built-up Area,1285,(119.38 sq.m.),0.7195,14,197,1.7,1,66%,"bachupally,hyderabad"
Aakruthi Arcadia,KEYSTONE REALTY SERVICES (I) PRIVATE LIMITEDDealer,20,6.78125,2,Apartment,Super Built-up Area,1252.5,(107.77 - 124.95 sq.m.),,5,235,3.17,5,,"gajulramaram,hyderabad"
Aakruthi Arcadia,KEYSTONE REALTY SERVICES (I) PRIVATE LIMITEDDealer,20,6.78125,3,Apartment,Super Built-up Area,1575,(124.03 - 168.62 sq.m.),,5,235,3.17,5,,"gajulramaram,hyderabad"
Vasavi Skyla,Landlord&Investor UnitsDealer,22,7.334615385,3,Apartment,Super Built-up Area,2850,(195.1 - 334.45 sq.m.),2.565,32,685,6.23,6,,"city,hyderabad"
Primark Eco Nest,Primark DevelopersBuilder,19,3.816666667,2,Apartment,Super Built-up Area,1232.5,(107.77 - 121.24 sq.m.),0.57915,10,410,5,5,60%,"kompally,hyderabad"
Primark Eco Nest,Primark DevelopersBuilder,19,3.816666667,3,Apartment,Super Built-up Area,1795,(132.39 - 201.14 sq.m.),0.8448,10,410,5,5,60%,"kompally,hyderabad"
Aditya Homes,Aditya ConstructionsBuilder,26,10.425,2,Apartment,Carpet Area,1253.5,(113.71 - 119.19 sq.m.),0.61425,5,75,0.94,1,,"boduppal,hyderabad"
Aditya Homes,Aditya ConstructionsBuilder,26,10.425,3,Apartment,Carpet Area,1551.5,(136.29 - 151.99 sq.m.),0.7602,5,75,0.94,1,,"boduppal,hyderabad"
Nirmal Landmark,Nirmal Shelters (P) LtdBuilder,26,7.788461538,2,Apartment,Super Built-up Area,1100,(102.19 sq.m.),0.825,5,55,0.75785124,1,,"ramanthapur,hyderabad"
Nirmal Landmark,Nirmal Shelters (P) LtdBuilder,26,7.788461538,3,Apartment,Super Built-up Area,1640,(142.61 - 162.12 sq.m.),1.23,5,55,0.75785124,1,,"ramanthapur,hyderabad"
Ramky One Orbit,Ramky Estates & Farms LtdBuilder,25,9.038461538,2,Apartment,Super Built-up Area,1300,(109.63 - 131.92 sq.m.),1.04365,14,518,5.25,6,,"nallagandla,hyderabad"
Ramky One Orbit,Ramky Estates & Farms LtdBuilder,25,9.038461538,3,Apartment,Super Built-up Area,1622.5,(129.14 - 172.34 sq.m.),1.295,14,518,5.25,6,,"nallagandla,hyderabad"
Vayun Meadows Block C,Anantha Infra Builder,32,9.685,3,Apartment,Super Built-up Area,1660,(117.52 - 190.92 sq.m.),0.7968,7,88,5,3,,"kapra,hyderabad"
Cybercity Marina Skies,Cybercity Builders And Developers Pvt LtdBuilder,19,7.515384615,2,Apartment,Super Built-up Area,1205,(107.77 - 116.13 sq.m.),1.11,31,1237,10.7,2,82%,"Hi Tech city,hyderabad"
Cybercity Marina Skies,Cybercity Builders And Developers Pvt LtdBuilder,19,7.515384615,3,Apartment,Super Built-up Area,1870,(130.06 - 217.39 sq.m.),1.72,31,1237,10.7,2,82%,"Hi Tech city,hyderabad"
Cybercity Marina Skies,Cybercity Builders And Developers Pvt LtdBuilder,19,7.515384615,4,Apartment,Super Built-up Area,3465,(265.7 - 378.12 sq.m.),3.33,31,1237,10.7,2,82%,"Hi Tech city,hyderabad"
Primark De Stature,Primark Projects PVT LTDBuilder,18,12.9,2,Apartment,Super Built-up Area,1207.5,(108.7 - 115.66 sq.m.),0.664,8,416,5,6,57%,"bahadurpally,hyderabad"
Primark De Stature,Primark Projects PVT LTDBuilder,18,12.9,3,Apartment,Super Built-up Area,1800,(140.75 - 193.7 sq.m.),0.99155,8,416,5,6,57%,"bahadurpally,hyderabad"
NSL East Luxoria,NSL SEZ (HYDERABAD) PRIVATE LIMITEDBuilder,18,2.486363636,3,Apartment,Super Built-up Area,2426.5,(209.12 - 241.73 sq.m.),1.88,44,1032,7,4,,"uppal,hyderabad"
NSL East Luxoria,NSL SEZ (HYDERABAD) PRIVATE LIMITEDBuilder,18,2.486363636,4,Apartment,Super Built-up Area,4979.5,(296.27 - 628.95 sq.m.),3.86,44,1032,7,4,,"uppal,hyderabad"
Vajram IXORA,VAJRAM CONSTRUCTIONS PRIVATE LIMITEDBuilder,20,7.993333333,3,Apartment,Super Built-up Area,2315,(184.88 - 245.26 sq.m.),1.62,17,371,4,3,,"gopanpally,hyderabad"
Wave by Raghava,RAGHAVA PROJECTSBuilder,22,12.9,3,Apartment,Carpet Area,1795,(154.22 - 179.3 sq.m.),1.295,36,1290,8.27,4,70%,"tellapur,hyderabad"
Sri Krishna County,VR DevelopersBuilder,26,,2,Apartment,Super Built-up Area,1135,(102.66 - 108.23 sq.m.),0.5675,5,85,0.87,2,,"aminpur,hyderabad"
Om Sree Sky Park,Om Sree Builders & Developers LLPBuilder,36,12.66666667,3,Apartment,Super Built-up Area,2025,(168.62 - 207.64 sq.m.),1.56,2,272,3.9,10,,"kompally,hyderabad"
Om Sree Sky Park,Om Sree Builders & Developers LLPBuilder,36,12.66666667,4,Apartment,Super Built-up Area,2725,(241.55 - 264.77 sq.m.),2.105,2,272,3.9,10,,"kompally,hyderabad"
Aparna Synergy,APARNA CONSTRUCTIONS AND ESTATES PVT LTDBuilder,39,11.72,2,Apartment,Super Built-up Area,1251,(116.22 sq.m.),,27,3345,28,15,,"gundlapochampalli,hyderabad"
Aparna Synergy,APARNA CONSTRUCTIONS AND ESTATES PVT LTDBuilder,39,11.72,3,Apartment,Super Built-up Area,1880,(134.99 - 214.33 sq.m.),1.15715,27,3345,28,15,,"gundlapochampalli,hyderabad"
Levonor Egeira,LEVONOR LIFESPACES PRIVATE LIMITEDBuilder,28,15.73461538,3,Apartment,Super Built-up Area,2105,(144.0 - 247.12 sq.m.),1.3144,35,744,4.7,3,,"kollur,hyderabad"
Reliance Courtyard,RELIANCE BUILDERSBuilder,19,7,2,Apartment,Super Built-up Area,1265,(117.24 - 117.8 sq.m.),0.5325,7,131,1.09,1,,"shankarpally,hyderabad"
Om Sree Gallaxy,Om Sree Builders & Developers LLPBuilder,26,11.89230769,2,Apartment,Super Built-up Area,1285,(119.38 sq.m.),,14,2010,20,20,,"kompally,hyderabad"
Om Sree Gallaxy,Om Sree Builders & Developers LLPBuilder,26,11.89230769,3,Apartment,Super Built-up Area,1835,(134.24 - 206.71 sq.m.),1.31,14,2010,20,20,,"kompally,hyderabad"
Sri Saikrishna Prime,SRI SAI KRISHNA CONSTRUCTIONSBuilder,8,1.1,3,Apartment,Super Built-up Area,2075,(180.23 - 205.32 sq.m.),1.87,5,,0.408598633,1,,"kondapur,hyderabad"
Arkala Life,Arkala Realty & Infrastrcuture Pvt LtdBuilder,19,10.425,2,Apartment,Super Built-up Area,1340,(104.98 - 144.0 sq.m.),0.603,9,288,5,5,,"tukkuguda,hyderabad"
Arkala Life,Arkala Realty & Infrastrcuture Pvt LtdBuilder,19,10.425,3,Apartment,Super Built-up Area,1696,(145.58 - 169.55 sq.m.),,9,288,5,5,,"tukkuguda,hyderabad"
Divine Space,DIVINE HOMESBuilder,25,1.66,2,Apartment,Super Built-up Area,1230,(114.27 sq.m.),0.824,12,,,,,"tellapur,hyderabad"
Divine Space,DIVINE HOMESBuilder,25,1.66,3,Apartment,Super Built-up Area,1777.5,(126.35 - 203.92 sq.m.),1.19055,12,,,,,"tellapur,hyderabad"
Jade One,BRILLIUS PRIVATE LIMITEDDealer,25,6.714285714,3,Apartment,Super Built-up Area,1717,(127.56 - 191.47 sq.m.),0.8582,5,45,0.677839714,1,80%,"kompally,hyderabad"
Aparna Sarovar Zicon,APARNA CONSTRUCTIONS AND ESTATES PVT LTDBuilder,26,8.386363636,2,Apartment,Super Built-up Area,1073,(112.88 - 177.44 sq.m.),1.735,26,3024,25.5,14,80%,"nallagandla,hyderabad"
Aparna Sarovar Zicon,APARNA CONSTRUCTIONS AND ESTATES PVT LTDBuilder,26,8.386363636,3,Apartment,Super Built-up Area,996.5,(121.7 - 239.23 sq.m.),2.165,26,3024,25.5,14,80%,"nallagandla,hyderabad"
Aparna Sarovar Zicon,APARNA CONSTRUCTIONS AND ESTATES PVT LTDBuilder,26,8.386363636,4,Apartment,Super Built-up Area,1500.666667,(142.14 - 267.1 sq.m.),2.45,26,3024,25.5,14,80%,"nallagandla,hyderabad"
Aparna Serenity,APARNA CONSTRUCTIONS AND ESTATES PVT LTDBuilder,19,8.96,2,Apartment,Super Built-up Area,1335,(124.03 sq.m.),,9,1499,22.45,22,,"kompally,hyderabad"
Aparna Serenity,APARNA CONSTRUCTIONS AND ESTATES PVT LTDBuilder,19,8.96,3,Apartment,Super Built-up Area,1847.5,(136.1 - 207.17 sq.m.),1.385,9,1499,22.45,22,,"kompally,hyderabad"
Aparna Serenity,APARNA CONSTRUCTIONS AND ESTATES PVT LTDBuilder,19,8.96,4,Apartment,Super Built-up Area,2680,(244.33 - 253.63 sq.m.),2.01,9,1499,22.45,22,,"kompally,hyderabad"
Cybercity Westbrook,Cybercity Builders And Developers Pvt LtdBuilder,14,8.069230769,2,Apartment,Super Built-up Area,1142.5,(99.87 - 112.41 sq.m.),1.04945,,1102,,,,"kokapet,hyderabad"
Cybercity Westbrook,Cybercity Builders And Developers Pvt LtdBuilder,14,8.069230769,3,Apartment,Super Built-up Area,1840,(136.57 - 205.32 sq.m.),1.69,,1102,,,,"kokapet,hyderabad"
Cybercity Westbrook,Cybercity Builders And Developers Pvt LtdBuilder,14,8.069230769,4,Apartment,Super Built-up Area,2400,(222.97 sq.m.),2.21,,1102,,,,"kokapet,hyderabad"
Bricks Cyberwoods,Bricks Ramabhupal Projects LLPBuilder,11,,2,Apartment,Carpet Area,716.75,(124.95 - 132.39 sq.m.),0.9408,16,300,2.6,2,,"Osman nagar,hyderabad"
Bricks Cyberwoods,Bricks Ramabhupal Projects LLPBuilder,11,,3,Apartment,Carpet Area,1550,(144.0 sq.m.),1.09,16,300,2.6,2,,"Osman nagar,hyderabad"
Bricks Cyberwoods,Bricks Ramabhupal Projects LLPBuilder,11,,4,Apartment,Carpet Area,1367.5,(245.26 sq.m.),1.85,16,300,2.6,2,,"Osman nagar,hyderabad"
MPM SS Pinnacle,MPM VENTURES PRIVATE LIMITEDBuilder,21,2.076666667,2,Apartment,Super Built-up Area,1285.5,(112.04 - 126.81 sq.m.),1.16,14,70,,1,,"ameerpet,hyderabad"
MPM SS Pinnacle,MPM VENTURES PRIVATE LIMITEDBuilder,21,2.076666667,3,Apartment,Super Built-up Area,1449.5,(127.18 - 142.14 sq.m.),1.305,14,70,,1,,"ameerpet,hyderabad"
ASBL Spire,ASHOKA BUILDERS INDIA PRIVATE LIMITEDBuilder,19,0.808571429,3,Apartment,Super Built-up Area,2012.5,(176.98 - 196.95 sq.m.),2.01,36,394,2.85,1,78%,"kokapet,hyderabad"
Aakriti Miro,Aakriti Constructions & Developers Pvt LtdBuilder,26,10.36153846,2,Apartment,Super Built-up Area,1259.5,(103.96 - 130.06 sq.m.),1.00755,14,404,4,4,80%,"nallagandla,hyderabad"
Aakriti Miro,Aakriti Constructions & Developers Pvt LtdBuilder,26,10.36153846,3,Apartment,Super Built-up Area,1732.5,(121.05 - 200.86 sq.m.),1.385,14,404,4,4,80%,"nallagandla,hyderabad"
Suvela Projects Khairatabad,SUVELA PROJECTS PRIVATE LIMITEDBuilder,18,,3,Apartment,Super Built-up Area,1755,(159.61 - 166.48 sq.m.),1.84,,,0.17624,,,"khairatabad,hyderabad"
Lalitha Majestic,Lalitha Constructions and DevelopersBuilder,16,,2,Apartment,Super Built-up Area,1202.5,(110.55 - 112.88 sq.m.),0.6734,5,89,0.85,1,,"chandanagar,hyderabad"
Lalitha Majestic,Lalitha Constructions and DevelopersBuilder,16,,3,Apartment,Super Built-up Area,1480,(134.24 - 140.75 sq.m.),0.8288,5,89,0.85,1,,"chandanagar,hyderabad"
Praneeth Pranav Daffodils,PRANEETH GROUPBuilder,28,11.47777778,2,Apartment,Super Built-up Area,1350.5,(101.82 - 149.11 sq.m.),0.68865,5,231,3.83,3,,"mallampet,hyderabad"
Praneeth Pranav Daffodils,PRANEETH GROUPBuilder,28,11.47777778,3,Apartment,Super Built-up Area,1697.5,(128.76 - 186.64 sq.m.),0.86335,5,231,3.83,3,,"mallampet,hyderabad"
SMR Vinay Iconia,S SathishDealer,22,7.708333333,2,Apartment,Super Built-up Area,1470,(126.35 - 146.79 sq.m.),1.275,35,2400,22,11,75%,"kondapur,hyderabad"
SMR Vinay Iconia,S SathishDealer,22,7.708333333,3,Apartment,Super Built-up Area,2087.5,(146.79 - 241.08 sq.m.),1.805,35,2400,22,11,75%,"kondapur,hyderabad"
SMR Vinay Iconia,S SathishDealer,22,7.708333333,4,Apartment,Super Built-up Area,2695,(229.01 - 271.74 sq.m.),2.33,35,2400,22,11,75%,"kondapur,hyderabad"
Urbanrise The World of Joy,Lorven Corporate Private limitedRERA Registered Dealer,31,16.80769231,2,Apartment,Carpet Area,1348,(125.23 sq.m.),0.8762,42,1123,10.67,5,,"miyapur,hyderabad"
Urbanrise The World of Joy,Lorven Corporate Private limitedRERA Registered Dealer,31,16.80769231,3,Apartment,Carpet Area,1586,(123.84 - 170.85 sq.m.),1.03325,42,1123,10.67,5,,"miyapur,hyderabad"
Urbanrise The World of Joy,Lorven Corporate Private limitedRERA Registered Dealer,31,16.80769231,4,Apartment,Carpet Area,2324,(214.51 - 217.3 sq.m.),1.51,42,1123,10.67,5,,"miyapur,hyderabad"
Ramky One Harmony,Ramky Estates & Farms LtdBuilder,20,8.833333333,2,Apartment,Super Built-up Area,1225,(107.3 - 120.31 sq.m.),0.953,9,803,8.1,7,,"nagar,hyderabad"
Ramky One Harmony,Ramky Estates & Farms LtdBuilder,20,8.833333333,3,Apartment,Super Built-up Area,1492.5,(129.14 - 148.18 sq.m.),1.095,9,803,8.1,7,,"nagar,hyderabad"
Bricks Marvella,Bricks Ramabhupal Projects LLPBuilder,10,11.23,2,Apartment,Super Built-up Area,1480,(128.67 - 146.32 sq.m.),0.9939,32,544,4.168759214,2,,"tellapur,hyderabad"
Bricks Marvella,Bricks Ramabhupal Projects LLPBuilder,10,11.23,3,Apartment,Super Built-up Area,2132.5,(166.76 - 229.47 sq.m.),1.425,32,544,4.168759214,2,,"tellapur,hyderabad"
Bricks Marvella,Bricks Ramabhupal Projects LLPBuilder,10,11.23,4,Apartment,Super Built-up Area,3570,(331.66 sq.m.),2.39,32,544,4.168759214,2,,"tellapur,hyderabad"
Sree Kalpa Luxor,Synergy ConsultingDealer,20,13.29090909,2,Apartment,Super Built-up Area,1286.5,(111.86 - 127.18 sq.m.),0.7332,13,296,2.03,2,,"Pragathi nagar,hyderabad"
Sree Kalpa Luxor,Synergy ConsultingDealer,20,13.29090909,3,Apartment,Super Built-up Area,1706.5,(140.28 - 176.79 sq.m.),0.97025,13,296,2.03,2,,"Pragathi nagar,hyderabad"
Haimi Nirvana,HAIMI NIRVANADealer,12,12.63076923,2,Apartment,Super Built-up Area,1242.5,(110.46 - 120.4 sq.m.),0.7178,5,,0.749989543,1,,"Pragathi nagar,hyderabad"
Haimi Nirvana,HAIMI NIRVANADealer,12,12.63076923,3,Apartment,Super Built-up Area,1545.5,(140.0 - 147.16 sq.m.),0.89285,5,,0.749989543,1,,"Pragathi nagar,hyderabad"
Janapriya Nile Valley,JANAPRIYA TOWNSHIPS PRIVATE LIMITEDBuilder,26,9.055555556,2,Apartment,Super Built-up Area,1137.5,(91.97 - 119.38 sq.m.),0.83405,10,2400,25,10,55%,"madinaguda,hyderabad"
Janapriya Nile Valley,JANAPRIYA TOWNSHIPS PRIVATE LIMITEDBuilder,26,9.055555556,3,Apartment,Super Built-up Area,1500,(126.81 - 151.9 sq.m.),1.18,10,2400,25,10,55%,"madinaguda,hyderabad"
Janapriya Lake Front Apartments,JANAPRIYA PROJECTS PRIVATE LIMITEDBuilder,25,,2,Apartment,Super Built-up Area,885,(75.25 - 89.19 sq.m.),0.5042,10,920,5.83,5,,"kapra,hyderabad"
Janapriya Lake Front Apartments,JANAPRIYA PROJECTS PRIVATE LIMITEDBuilder,25,,3,Apartment,Super Built-up Area,1147.5,(101.73 - 111.48 sq.m.),0.6392,10,920,5.83,5,,"kapra,hyderabad"
GK s Ram s Arcade,GK DevelopersBuilder,11,1.248,3,Apartment,Super Built-up Area,2283,(210.8 - 213.4 sq.m.),1.2,5,10,0.161241204,1,,"kapra,hyderabad"
Sattva Lake Ridge,Urban One RealtyDealer,20,7.7,3,Apartment,Super Built-up Area,3133.5,(199.93 - 382.3 sq.m.),3.51,37,,6.323451422,6,,"kokapet,hyderabad"
Sattva Lake Ridge,Urban One RealtyDealer,20,7.7,4,Apartment,Super Built-up Area,4624.5,(370.03 - 489.23 sq.m.),5.18,37,,6.323451422,6,,"kokapet,hyderabad"
Sattva Lake Ridge,Urban One RealtyDealer,20,7.7,5,Apartment,Super Built-up Area,5472,(508.37 sq.m.),6.13,37,,6.323451422,6,,"kokapet,hyderabad"
Prestige Tranquil,THE FINDPROPERTIESDealer,21,7.976923077,3,Apartment,Super Built-up Area,1719.5,(129.14 - 190.36 sq.m.),1.89,34,906,7.85,4,,"kokapet,hyderabad"
Avantikas Pushyami,Avantika DevelopersBuilder,22,9.14375,2,Apartment,Carpet Area,455,(84.12 sq.m.),0.5255,5,20,0.183441151,1,,"jagir,hyderabad"
Modi Edifice,Modi BuildersBuilder,19,14.12307692,3,Apartment,Super Built-up Area,1449,(134.62 sq.m.),0.739,13,611,5,2,,"bachupally,hyderabad"
Modi Esteem,Modi BuildersBuilder,21,11.15,2,Apartment,Super Built-up Area,927,(79.71 - 92.53 sq.m.),0.4635,12,934,5.57,2,,"mallampet,hyderabad"
Modi Paradise,Modi BuildersBuilder,28,10.775,2,Apartment,Super Built-up Area,857,(68.84 - 90.39 sq.m.),0.4285,5,326,4,5,,"hayathnagar,hyderabad"
Modi Paradise,Modi BuildersBuilder,28,10.775,3,Apartment,Super Built-up Area,1240,(106.47 - 123.93 sq.m.),0.62,5,326,4,5,,"hayathnagar,hyderabad"
Modi Sterling Heights,Modi BuildersBuilder,25,2.395333333,3,Apartment,Super Built-up Area,1566.5,(129.41 - 161.65 sq.m.),0.80325,12,648,6.57,8,,"kompally,hyderabad"
Modi Lake View,Modi BuildersBuilder,22,8.755555556,2,Apartment,Super Built-up Area,1042.5,(85.1 - 108.6 sq.m.),0.52125,,371,3.25,,,"shamshabad,hyderabad"
Modi Lotus Homes,Modi BuildersBuilder,24,2.455,1,Apartment,Super Built-up Area,558,(51.47 - 52.21 sq.m.),0.25665,5,522,4,8,,"Nagaram village,secunderabad"
Modi Lotus Homes,Modi BuildersBuilder,24,2.455,2,Apartment,Super Built-up Area,741,(68.84 sq.m.),0.3409,5,522,4,8,,"Nagaram village,secunderabad"
Modi Lotus Homes,Modi BuildersBuilder,24,2.455,3,Apartment,Super Built-up Area,1087.5,(99.41 - 102.66 sq.m.),0.50025,5,522,4,8,,"Nagaram village,secunderabad"
Anvita Ivana,Sri Nainika PropertiesDealer,15,11.55,2,Apartment,Carpet Area,860.6666667,(115.0 - 117.06 sq.m.),0.8117,16,420,3.259782069,2,,"kollur,hyderabad"
Anvita Ivana,Sri Nainika PropertiesDealer,15,11.55,3,Apartment,Carpet Area,1395.333333,(156.0 - 231.33 sq.m.),1.355,16,420,3.259782069,2,,"kollur,hyderabad"
Vasavi Metropolis,VASAVI INFRACON LLPBuilder,23,6.191666667,2,Apartment,Super Built-up Area,1130,(98.94 - 111.02 sq.m.),0.71175,17,307,2.17,1,70%,"uppal,hyderabad"
Vasavi Metropolis,VASAVI INFRACON LLPBuilder,23,6.191666667,3,Apartment,Super Built-up Area,1662.5,(128.21 - 180.7 sq.m.),1.04965,17,307,2.17,1,70%,"uppal,hyderabad"
Goldenkey Meraki,GOLDENKEY VENTURES PRIVATE LIMITEDBuilder,21,12.78333333,2,Apartment,Super Built-up Area,1290,(105.44 - 134.24 sq.m.),0.73515,8,280,2.5,2,,"bachupally,hyderabad"
Goldenkey Meraki,GOLDENKEY VENTURES PRIVATE LIMITEDBuilder,21,12.78333333,3,Apartment,Super Built-up Area,1812.5,(161.65 - 175.12 sq.m.),1.0308,8,280,2.5,2,,"bachupally,hyderabad"
Continental Platinum Nest,Continental DevelopersBuilder,24,1.28,2,Apartment,Super Built-up Area,1251,(116.22 sq.m.),0.7129,5,10,0.107777483,1,,"Bandlaguda jagir,hyderabad"
Continental Platinum Nest,Continental DevelopersBuilder,24,1.28,3,Apartment,Super Built-up Area,1636,(150.41 - 153.57 sq.m.),0.93235,5,10,0.107777483,1,,"Bandlaguda jagir,hyderabad"
Praneeth Pranav Townsquare,PRANEETH GROUPBuilder,23,4.59,2,Apartment,Super Built-up Area,850.3333333,(107.8 - 125.98 sq.m.),,5,527,6,4,,"bachupally,hyderabad"
Praneeth Pranav Townsquare,PRANEETH GROUPBuilder,23,4.59,3,Apartment,Super Built-up Area,1554,(144.37 sq.m.),1.04,5,527,6,4,,"bachupally,hyderabad"
Surya Classic,OPC PVT LTDDealer,0,,2,Apartment,Super Built-up Area,1075,(91.97 - 107.77 sq.m.),0.48375,5,55,0.5834504,1,,"gajulramaram,hyderabad"
My Home Apas,PROPERTY GOOGLER LLPRERA Registered Dealer,19,9.538461538,2,Apartment,Super Built-up Area,2705,(238.3 - 264.31 sq.m.),2.76,44,1338,13.52,6,,"kokapet,hyderabad"
My Home Apas,PROPERTY GOOGLER LLPRERA Registered Dealer,19,9.538461538,3,Apartment,Super Built-up Area,3312.5,(256.88 - 358.61 sq.m.),3.38,44,1338,13.52,6,,"kokapet,hyderabad"
Aditi Sri Shiva Balaji Elite,ADITI AVENUESDealer,11,18.88571429,2,Apartment,Carpet Area,1215,(112.88 sq.m.),,5,20,,1,,"isnapur,hyderabad"
S R Rain Forest,Krishna ReddyDealer,24,,2,Apartment,Super Built-up Area,1260.5,(111.58 - 122.63 sq.m.),0.84455,5,68,0.663119641,3,,"manikonda,hyderabad"
S R Rain Forest,Krishna ReddyDealer,24,,3,Apartment,Super Built-up Area,1575.5,(145.95 - 146.79 sq.m.),1.055,5,68,0.663119641,3,,"manikonda,hyderabad"
Saanvi Athena Homes,Krishna ReddyDealer,22,10.25357143,2,Apartment,Super Built-up Area,1230,(114.27 sq.m.),0.7872,5,25,0.114236818,2,,"manikonda,hyderabad"
Saanvi Athena Homes,Krishna ReddyDealer,22,10.25357143,3,Apartment,Super Built-up Area,1865,(152.83 - 193.7 sq.m.),1.19,5,25,0.114236818,2,,"manikonda,hyderabad"
Himalaya Seven Hills,Krishna ReddyDealer,15,,2,Apartment,Super Built-up Area,1187.5,(92.9 - 127.74 sq.m.),0.7563,5,15,,7,,"tellapur,hyderabad"
Himalaya Seven Hills,Krishna ReddyDealer,15,,3,Apartment,Super Built-up Area,1692.5,(145.39 - 169.08 sq.m.),,5,15,,7,,"tellapur,hyderabad"
Modi Elegance,Modi BuildersBuilder,21,13.60384615,2,Apartment,Super Built-up Area,867,(67.91 - 93.18 sq.m.),0.4335,9,777,5.35,4,,"gajulramaram,hyderabad"
Modi Elegance,Modi BuildersBuilder,21,13.60384615,3,Apartment,Super Built-up Area,1373,(106.84 - 148.27 sq.m.),0.6865,9,777,5.35,4,,"gajulramaram,hyderabad"
Suvela Sai Sreenija,SUVELA PROJECTS PRIVATE LIMITEDBuilder,25,0.89,3,Apartment,Super Built-up Area,2140,(198.81 sq.m.),1.39,4,4,0.06508264,1,,"kondapur,hyderabad"
Lansum Elena,Sri Nainika PropertiesDealer,35,1.9,3,Apartment,Super Built-up Area,1273.5,(228.53 sq.m.),2.21,55,540,3.61,2,,"kokapet,hyderabad"
Lansum Elena,Sri Nainika PropertiesDealer,35,1.9,4,Apartment,Super Built-up Area,1785.25,(302.8 - 348.85 sq.m.),3.155,55,540,3.61,2,,"kokapet,hyderabad"
Muppas Melody,Deltech PropertiesDealer,24,6.75,2,Apartment,Super Built-up Area,1010,(93.83 sq.m.),0.7517,17,1054,8.3,7,75%,"Osman nagar,hyderabad"
Muppas Melody,Deltech PropertiesDealer,24,6.75,3,Apartment,Super Built-up Area,1562.5,(130.06 - 160.26 sq.m.),1.16,17,1054,8.3,7,75%,"Osman nagar,hyderabad"
Teja Fortune Heights,ONE ROOF INFRADealer,29,,2,Apartment,Super Built-up Area,1170,(97.55 - 119.84 sq.m.),0.5967,10,480,3.75,,,"patancheru,hyderabad"
Teja Fortune Heights,ONE ROOF INFRADealer,29,,3,Apartment,Super Built-up Area,1555,(112.41 - 176.52 sq.m.),0.79305,10,480,3.75,,,"patancheru,hyderabad"
Brigade Citadel,Full Basket Property Services Private LimitedDealer,25,5.055555556,2,Apartment,Carpet Area,825,(70.42 - 82.87 sq.m.),1.145,16,1330,11,4,,"Moti nagar,hyderabad"
Brigade Citadel,Full Basket Property Services Private LimitedDealer,25,5.055555556,3,Apartment,Carpet Area,1102,(95.69 - 109.07 sq.m.),1.53,16,1330,11,4,,"Moti nagar,hyderabad"
Prestige Beverly Hills,JONES LANG LASALLE PROPERTY CONSULTANTS (INDIA) PVRERA Registered Dealer,18,8.646153846,3,Apartment,Carpet Area,1198.5,(102.47 - 120.22 sq.m.),1.315,36,816,5.87,3,,"kokapet,hyderabad"
Prestige Beverly Hills,JONES LANG LASALLE PROPERTY CONSULTANTS (INDIA) PVRERA Registered Dealer,18,8.646153846,4,Apartment,Carpet Area,1749,(162.49 sq.m.),1.92,36,816,5.87,3,,"kokapet,hyderabad"
Rubrick Tripura,Lorven Corporate Private limitedRERA Registered Dealer,27,,3,Apartment,Super Built-up Area,1737.5,(146.32 - 176.52 sq.m.),0.94015,14,638,5.4,3,,"gandimaisamma,hyderabad"
Team4 Nyla,Lorven Corporate Private limitedRERA Registered Dealer,16,10.33333333,3,Apartment,Carpet Area,1795,(158.86 - 174.66 sq.m.),,35,945,6.03,3,,"miyapur,hyderabad"
Sai Keerthi Signature,Sri Nainika PropertiesDealer,33,0.782142857,3,Apartment,Built-up Area,1822.5,(141.68 - 196.95 sq.m.),1.46,12,168,1.64,2,,"kondapur,hyderabad"
Advaitas Vibha,Sri Nainika PropertiesDealer,21,1.5625,2,Apartment,Super Built-up Area,1177.5,(95.23 - 123.56 sq.m.),0.68295,10,120,1.47,1,,"nagar,hyderabad"
Advaitas Vibha,Sri Nainika PropertiesDealer,21,1.5625,3,Apartment,Super Built-up Area,1780,(145.86 - 184.88 sq.m.),1.0303,10,120,1.47,1,,"nagar,hyderabad"
Signature Altius,Sri Nainika PropertiesDealer,19,12.50625,2,Apartment,Super Built-up Area,1340,(117.06 - 131.92 sq.m.),0.8039,11,542,5,3,60%,"kollur,hyderabad"
Signature Altius,Sri Nainika PropertiesDealer,19,12.50625,3,Apartment,Super Built-up Area,1875,(144.0 - 204.39 sq.m.),1.1249,11,542,5,3,60%,"kollur,hyderabad"
Navayuga Godavari,JONES LANG LASALLE PROPERTY CONSULTANTS (INDIA) PVRERA Registered Dealer,18,,4,Apartment,Super Built-up Area,5037.5,(373.93 - 562.06 sq.m.),6.8,12,,2.77,,,"begumpet,hyderabad"
Frontline Seven,JONES LANG LASALLE PROPERTY CONSULTANTS (INDIA) PVRERA Registered Dealer,18,2.673333333,2,Apartment,Super Built-up Area,1337.5,(123.56 - 124.95 sq.m.),1.055,12,670,6.84,6,,"kokapet,hyderabad"
Frontline Seven,JONES LANG LASALLE PROPERTY CONSULTANTS (INDIA) PVRERA Registered Dealer,18,2.673333333,3,Apartment,Super Built-up Area,2060,(179.77 - 202.99 sq.m.),1.63,12,670,6.84,6,,"kokapet,hyderabad"
RNP 1,JONES LANG LASALLE PROPERTY CONSULTANTS (INDIA) PVRERA Registered Dealer,19,,3,Apartment,Super Built-up Area,1935,(147.25 - 212.28 sq.m.),1.66,16,195,2,2,,"kondapur,hyderabad"
Kinetic Palazzo,ONE ROOF INFRADealer,27,9.446153846,2,Apartment,Super Built-up Area,1243.5,(97.36 - 133.69 sq.m.),0.858,8,147,1.52,3,,"gachibowli,hyderabad"
Kinetic Palazzo,ONE ROOF INFRADealer,27,9.446153846,3,Apartment,Super Built-up Area,1714,(144.65 - 173.82 sq.m.),1.18,8,147,1.52,3,,"gachibowli,hyderabad"
Western Springs,TSR PropertiesDealer,19,6.753846154,3,Apartment,Super Built-up Area,2837.5,(202.99 - 324.23 sq.m.),2.625,36,1491,13.14025615,7,,"puppalaguda,hyderabad"
GHR Titania,GHR InfraBuilder,18,6.992307692,2,Apartment,Super Built-up Area,1284,(119.29 sq.m.),1.05,10,480,4.7,4,,"kondapur,hyderabad"
GHR Titania,GHR InfraBuilder,18,6.992307692,3,Apartment,Super Built-up Area,2070.5,(151.62 - 233.09 sq.m.),1.685,10,480,4.7,4,,"kondapur,hyderabad"
Qubic West Winds,SQUARE SELECT ESTATES LLPRERA Registered Dealer,18,10.97777778,2,Apartment,Super Built-up Area,1270,(116.59 - 119.38 sq.m.),0.7366,5,20,0.219716221,1,,"Bandlaguda jagir,hyderabad"
Qubic West Winds,SQUARE SELECT ESTATES LLPRERA Registered Dealer,18,10.97777778,3,Apartment,Super Built-up Area,1570,(145.86 sq.m.),0.9106,5,20,0.219716221,1,,"Bandlaguda jagir,hyderabad"
Infocity Majestic,SQUARE SELECT ESTATES LLPRERA Registered Dealer,23,,1,Apartment,Super Built-up Area,910,(84.54 sq.m.),0.5186,8,,0.8,1,,"kismathpur,hyderabad"
Infocity Majestic,SQUARE SELECT ESTATES LLPRERA Registered Dealer,23,,2,Apartment,Super Built-up Area,1462.5,(97.08 - 174.66 sq.m.),0.83275,8,,0.8,1,,"kismathpur,hyderabad"
Infocity Majestic,SQUARE SELECT ESTATES LLPRERA Registered Dealer,23,,3,Apartment,Super Built-up Area,1632.5,(117.99 - 185.34 sq.m.),0.9319,8,,0.8,1,,"kismathpur,hyderabad"
Sunshine Destino,PROPERTY GOOGLER LLPRERA Registered Dealer,25,8.642857143,2,Apartment,Super Built-up Area,1377.5,(121.15 - 134.8 sq.m.),1.195,11,537,5.5,,,"Financial district,hyderabad"
Sunshine Destino,PROPERTY GOOGLER LLPRERA Registered Dealer,25,8.642857143,3,Apartment,Super Built-up Area,2280.5,(159.79 - 263.94 sq.m.),1.985,11,537,5.5,,,"Financial district,hyderabad"
Sunshine Destino,PROPERTY GOOGLER LLPRERA Registered Dealer,25,8.642857143,4,Apartment,Super Built-up Area,3255,(294.04 - 310.76 sq.m.),2.83,11,537,5.5,,,"Financial district,hyderabad"
Navya Symphony,KrishnaDealer,6,11.27,3,Apartment,Super Built-up Area,1728,(138.8 - 182.28 sq.m.),0.9508,9,122,1.079067193,1,70%,"bachupally,hyderabad"
Sobha Waterfront,Yes PropertyRERA Registered Dealer,25,7.869230769,3,Apartment,Super Built-up Area,2323.5,(180.98 - 250.75 sq.m.),3.66,15,238,4.1,4,,"somajiguda,hyderabad"
Sobha Waterfront,Yes PropertyRERA Registered Dealer,25,7.869230769,4,Apartment,Super Built-up Area,3166,(282.89 - 305.37 sq.m.),4.99,15,238,4.1,4,,"somajiguda,hyderabad"
Sunshine Green Meadows,Synergy ConsultingDealer,25,12.54444444,2,Apartment,Super Built-up Area,1168,(108.51 sq.m.),0.6189,6,248,2.737576737,4,,"bachupally,hyderabad"
Sunshine Green Meadows,Synergy ConsultingDealer,25,12.54444444,3,Apartment,Super Built-up Area,1560,(144.93 sq.m.),0.8266,6,248,2.737576737,4,,"bachupally,hyderabad"
Tripura Green Alpha,MAdhavDealer,18,10.74384615,2,Apartment,Super Built-up Area,1265,(117.52 sq.m.),,10,520,5.5,6,57%,"tellapur,hyderabad"
Tripura Green Alpha,MAdhavDealer,18,10.74384615,3,Apartment,Super Built-up Area,2020,(187.66 sq.m.),1.46,10,520,5.5,6,57%,"tellapur,hyderabad"
